{
  "name": "Mobility Simulation Leaderboard Notifications",
  "nodes": [
    {
      "parameters": {
        "path": "mobility-sim/leaderboard",
        "methods": [
          "POST"
        ]
      },
      "name": "HTTP Trigger",
      "type": "n8n-nodes-base.httpTrigger",
      "typeVersion": 1,
      "position": [
        250,
        300
      ]
    },
    {
      "parameters": {
        "url": "https://api.groq.com/openai/v1/chat/completions",
        "options": {},
        "authentication": "headerAuth",
        "headerParametersUi": {
          "parameter": [
            {
              "name": "Authorization",
              "value": "Bearer {{$env.GROQ_API_KEY}}"
            },
            {
              "name": "Content-Type",
              "value": "application/json"
            }
          ]
        },
        "bodyParametersJson": "={\"model\":\"mixtral-8x7b-32768\",\"messages\":[{\"role\":\"system\",\"content\":\"You summarise mobility simulation leaderboard changes.\"},{\"role\":\"user\",\"content\":\"Summarise this leaderboard update: {{$json}}\"}]}"
      },
      "name": "Groq Summary",
      "type": "n8n-nodes-base.httpRequest",
      "typeVersion": 1,
      "position": [
        520,
        300
      ]
    },
    {
      "parameters": {
        "channel": "=#mobility-sim",
        "text": "New leaderboard update: {{$json[\"choices\"][0][\"message\"][\"content\"]}}"
      },
      "name": "Send to Slack",
      "type": "n8n-nodes-base.slack",
      "typeVersion": 1,
      "position": [
        790,
        300
      ],
      "credentials": {
        "slackApi": "Slack API"
      }
    }
  ],
  "connections": {
    "HTTP Trigger": {
      "main": [
        [
          {
            "node": "Groq Summary",
            "type": "main",
            "index": 0
          }
        ]
      ]
    },
    "Groq Summary": {
      "main": [
        [
          {
            "node": "Send to Slack",
            "type": "main",
            "index": 0
          }
        ]
      ]
    }
  }
}